{
    "model_info":{
        "provider":"vicuna",
        "name":"lmsys/vicuna-13b-v1.3"
    },
    "api_key_info":{
        "api_keys":[0],
        "api_key_use": 0
    },
    "params":{
        "temperature":0.1,
        "seed":100,
        "gpus":[5,6],
        "max_output_tokens":150,
        "repetition_penalty":1.0,
        "device":"cuda",
        "max_gpu_memory":"9GiB",
        "revision":"main",
        "load_8bit":"False",
        "debug":"False",
        "cpu_offloading":"False",
        "decoding_method":"greedy"
    }
}